{
  "num_ticks": 4000,
  "avg_speed_mps": 16.368673568125086,
  "avg_speed_kmh": 58.92722484525031,
  "min_curr_front_dist": 8.068844772424892,
  "collision_count": 0,
  "lane_invasion_count": 6,
  "state_distribution": {
    "FOLLOW_LANE": 3992,
    "EMERGENCY_BRAKE": 8
  }
}