{
  "total_ticks": 4000,
  "sim_time_s": 200.0,
  "avg_speed_mps": 9.776558316267963,
  "avg_speed_kmh": 35.195609938564665,
  "min_ttc_s": 5.763339274404096,
  "risk_events_ttc_lt_2s": 0,
  "risk_events_ttc_lt_1p5s": 0,
  "jerk_p95_mps3": 3.2845489004253863,
  "state_switch_count": 0,
  "lane_change_enter_count": 0,
  "state_ratio": {
    "FOLLOW_LANE": 1.0
  },
  "collisions": 0,
  "lane_invasions": 0
}